INSERT INTO pupils(id, fio)
VALUES (1, 'Бояринов Матвей Антонович');
INSERT INTO pupils(id, fio)
VALUES (2, 'Кучма Ярослав Викторович');
INSERT INTO pupils(id, fio)
VALUES (3, 'Лихачев Евгений Борисович');
INSERT INTO pupils(id, fio)
VALUES (4, 'Любушкин Евгений Александрович');
INSERT INTO pupils(id, fio)
VALUES (5, 'Звягин Владислав Петрович');

INSERT INTO subjects(id, name)
VALUES (1, 'математика');
INSERT INTO subjects(id, name)
VALUES (2, 'история');
INSERT INTO subjects(id, name)
VALUES (3, 'английский язык');
INSERT INTO subjects(id, name)
VALUES (4, 'русский язык');
INSERT INTO subjects(id, name)
VALUES (5, 'физкультура');
INSERT INTO subjects(id, name)
VALUES (6, 'физика');
INSERT INTO subjects(id, name)
VALUES (7, 'математика');

INSERT INTO marks(id, grade, pupil_id, subject_id, mark, date)
VALUES (1, 5, 1, 1, 4, '2020-01-01');
INSERT INTO marks(id, grade, pupil_id, subject_id, mark, date)
VALUES (2, 5, 1, 2, 5, '2020-01-20');
INSERT INTO marks(id, grade, pupil_id, subject_id, mark, date)
VALUES (3, 5, 1, 3, 5, '2020-03-20');
INSERT INTO marks(id, grade, pupil_id, subject_id, mark, date)
VALUES (4, 5, 1, 4, 5, '2020-03-20');
INSERT INTO marks(id, grade, pupil_id, subject_id, mark, date)
VALUES (5, 5, 2, 5, 3, '2020-01-14');
INSERT INTO marks(id, grade, pupil_id, subject_id, mark, date)
VALUES (6, 5, 2, 6, 4, '2020-01-14');
INSERT INTO marks(id, grade, pupil_id, subject_id, mark, date)
VALUES (7, 5, 3, 5, 5, '2020-02-18');
INSERT INTO marks(id, grade, pupil_id, subject_id, mark, date)
VALUES (8, 5, 3, 2, 2, '2020-02-09');
INSERT INTO marks(id, grade, pupil_id, subject_id, mark, date)
VALUES (9, 5, 3, 2, 3, '2020-05-09');
INSERT INTO marks(id, grade, pupil_id, subject_id, mark, date)
VALUES (10, 6, 4, 4, 3, '2020-05-08');
INSERT INTO marks(id, grade, pupil_id, subject_id, mark, date)
VALUES (11, 6, 4, 5, 5, '2020-05-08');
INSERT INTO marks(id, grade, pupil_id, subject_id, mark, date)
VALUES (12, 7, 5, 6, 5, '2020-07-10');
INSERT INTO marks(id, grade, pupil_id, subject_id, mark, date)
VALUES (13, 7, 5, 4, 4, '2020-09-10');

